<?xml version="1.0" encoding="UTF-8"?>
<!DOCTYPE hibernate-configuration PUBLIC
		"-//Hibernate/Hibernate Configuration DTD 3.0//EN"
		"http://www.hibernate.org/dtd/hibernate-configuration-3.0.dtd">
<hibernate-configuration>
	<session-factory>

		<property name="hibernate.connection.driver_class">com.mysql.jdbc.Driver</property>
		<property name="hibernate.connection.url">jdbc:mysql://localhost:3306/test</property>
		<property name="hibernate.connection.username">root</property>
		<property name="hibernate.connection.password">admin</property>
		<property name="hibernate.hbm2ddl.auto">update</property>
		<property name="hibernate.hbm2dll.import_files">import.sql</property>
        <property name="connection.autocommit">true</property>
		<property name="hibernate.dialect">org.hibernate.dialect.MySQL5Dialect</property>
		<property name="hibernate.show_sql">true</property>

		<mapping class="com.my.onlinelibrary.pojo.Authority"/>
		<mapping class="com.my.onlinelibrary.pojo.Book" />
		<mapping class="com.my.onlinelibrary.pojo.BookCirculation" />
		<mapping class="com.my.onlinelibrary.pojo.BookReservation" />
		<mapping class="com.my.onlinelibrary.pojo.BookReview" />
		<mapping class="com.my.onlinelibrary.pojo.LibraryUsers" />
		<mapping class="com.my.onlinelibrary.pojo.LibraryMember" />
		
		<!-- <mapping class="com.my.onlinelibrary.pojo.UserCredentials" />-->
		
	</session-factory>
</hibernate-configuration>
